reference,category,type,subject,date,notifying_country,classification,risk_decision,distribution,forAttention,forFollowUp,notifying,operator,origin,hazards
"2023.3358","fish and products thereof ","food","Mercury in swordfish (Xiphiidas sp.) from the Netherlands","19-05-2023 15:50:40","Germany","information notification for follow-up","potential risk","","","","","","",""
"2023.3289","feed premixtures","feed","detection of 2 non-EU authorised pesticides in a feed for farmed fish","17-05-2023 15:04:47","France","information notification for attention","potentially serious","","","","","","",""
"2023.3226","fish and products thereof ","food","Mercury in frozen swordfish steaks from Portugal","15-05-2023 17:15:38","Italy","alert notification","serious","","","","","","",""
"2023.3181","fish and products thereof ","food","Mercurio en pescado (Pargo, San Pedro, Rape) de Marruecos. Mercury in fish from Morocco","12-05-2023 14:42:17","Spain","information notification for follow-up","serious","","","","","","",""
"2023.2955","fish and products thereof ","food","Presencia de Anisakis spp. en pescado fresco (Merluccius spp.) de Marruecos /  Presence of Anisakis spp. in fresh fish (Merluccius spp.) from Marruecos","05-05-2023 11:56:08","Spain","border rejection notification","potentially serious","","","","","","",""
"2023.2939","fish and products thereof ","food","Mercurio por encima del límite en rape de Marruecos // Mercury above limit in monkfish from Morocco","04-05-2023 17:28:28","Spain","information notification for attention","serious","","","","","","",""
"2023.2836","fish and products thereof ","food","Unauthorised leucomalachite green in frozen catfish filets (Claria gariepinus) from Vietnam","28-04-2023 18:33:28","Slovenia","border rejection notification","serious","","","","","","",""
"2023.2677","fish and products thereof ","food","Maximum mercury levels exceeded in frozen swordfish fillets from Italy","21-04-2023 15:11:20","Germany","alert notification","serious","","","","","","",""
"2023.2631","fish and products thereof ","food","Rotura de la cadena de frío (-5 y -11 ºC) en productos de la pesca congelados de Mauritania // Breach of the cold chain (-5 and -11°C) in frozen fishery products from Mauritania","19-04-2023 17:26:46","Spain","border rejection notification","not serious","","","","","","",""
"2023.2551","prepared dishes and snacks","food","Undeclared allergens \"fish\" in ready-made meals from France","17-04-2023 16:23:01","France","alert notification","serious","","","","","","",""
"2023.2485","dietetic foods, food supplements and fortified foods","food","allergenic fish not declared","13-04-2023 15:48:30","Netherlands","alert notification","serious","","","","","","",""
"2023.2440","other food product / mixed","food","Not declared allergen shrimp, lobster, fish and celery in cheese croquette","11-04-2023 18:26:41","Netherlands","alert notification","serious","","","","","","",""
"2023.2416","fish and products thereof ","food","High level of mercury in swordfish from Spain","11-04-2023 10:41:55","Italy","information notification for attention","serious","","","","","","",""
"2023.2402","fish and products thereof ","food","High level of mercury (Hg) in frozen swordfish from Spain","07-04-2023 16:24:12","Italy","alert notification","serious","","","","","","",""
"2023.2382","other food product / mixed","food","allergens 'Gluten' and 'Fish' not declared","07-04-2023 09:47:33","Netherlands","alert notification","serious","","","","","","",""
"2023.2360","fish and products thereof ","food","Mercury in deep-frozen swordfish from Spain","06-04-2023 11:40:59","Spain","information notification for attention","serious","","","","","","",""
"2023.2335","fish and products thereof ","food","High level of Mercury in frozen swordfish from Spain","05-04-2023 16:08:58","Italy","alert notification","serious","","","","","","",""
"2023.2284","feed materials","feed","too high count of Enterobacteriaceae (360 CFU/g) in fish meal from Morocco","04-04-2023 11:09:55","Spain","information notification for attention","not serious","","","","","","",""
"2023.2280","pet food","feed","Authorised feed additive over the maximun level in ornamental fish feed","04-04-2023 09:23:29","Spain","border rejection notification","undecided","","","","","","",""
"2023.2177","feed materials","feed","Exceeding limits Dioxins in fishmeal intended for animal feed","30-03-2023 15:34:29","Italy","information notification for follow-up","potential risk","","","","","","",""
"2023.2097","fish and products thereof ","food","Unauthorised additive (aluminium sulphate, E520) in jelly fish from China, via the Netherlands","28-03-2023 16:19:00","Germany","information notification for follow-up","potential risk","","","","","","",""
"2023.2089","fish and products thereof ","food","Congelación en buques no autorizados de atún originario de Estados Unidos // Freezing on unauthorized vessel, tuna fish from USA","28-03-2023 14:04:06","Spain","border rejection notification","undecided","","","","","","",""
"2023.1982","fish and products thereof ","food","Mercury in swordfish from Sri Lanka","23-03-2023 15:27:42","Netherlands","information notification for attention","serious","","","","","","",""
"2023.1926","fish and products thereof ","food contact material","Defective sealing and incorrect vacuum in jars of cuttlefish ink from Spain","21-03-2023 18:40:05","Spain","information notification for follow-up","not serious","","","","","","",""
"2023.1860","fish and products thereof ","food","Presence of mercury exceeding legal limits in defrosted swordfish from Spain","17-03-2023 16:33:26","Italy","alert notification","serious","","","","","","",""
"2023.1790","fish and products thereof ","food","High level of Mercury in frozen swordfish from Spain","15-03-2023 16:51:22","Italy","alert notification","serious","","","","","","",""
"2023.1647","fish and products thereof ","food","Malachite Green-Leuco in Frozen Catfish from Viet-Nam ","09-03-2023 12:53:01","Italy","information notification for attention","serious","","","","","","",""
"2023.1524","fish and products thereof ","food","Chlorates in common dolphinfish from Yemen","03-03-2023 14:48:10","Belgium","information notification for follow-up","not serious","","","","","","",""
"2023.1438","fish and products thereof ","food","Chlorates in cinnabar goatfish from Vietnam","28-02-2023 15:36:34","Belgium","information notification for follow-up","no risk","","","","","","",""
"2023.1329","fish and products thereof ","food","Foreign bodies (metal fragments) in breaded fish fillets from Germany, produced in Poland","23-02-2023 17:29:23","Germany","alert notification","serious","","","","","","",""
"2023.1134","fish and products thereof ","food","Chlorates in common dolphinfish from Yemen","16-02-2023 17:21:24","Belgium","information notification for follow-up","not serious","","","","","","",""
"2023.0932","feed materials","feed","Salmonella in fishmeal from Germany","08-02-2023 12:51:56","Belgium","information notification for follow-up","not serious","","","","","","",""
"2023.0865","prepared dishes and snacks","food","Metal fragment in fish sticks from Poland","06-02-2023 12:38:47","Finland","alert notification","serious","","","","","","",""
"2023.0126","feed materials","feed","Salmonella in fishmeal from France","06-01-2023 09:35:03","Belgium","information notification for follow-up","not serious","","","","","","",""
"2022.7647","feed materials","feed","Salmonella in fish meal from Poland","29-12-2022 16:52:06","Lithuania","information notification for attention","not serious","","","","","","",""
"2022.7600","fish and products thereof ","food","Mercurio in pesce spada confezionato /mercury above legal limit in chilled swordfish from Spain","28-12-2022 10:16:23","Italy","information notification for attention","serious","","","","","","",""
"2022.7313","fish and products thereof ","food","Lote de pescado congelado no amparado por el certificado sanitario procedente de Chile / Batch of frozen fish not covered by the health certificate from Chile","27-12-2022 12:48:01","Spain","border rejection notification","undecided","","","","","","",""
"2022.7494","fish and products thereof ","food","Anisakis in fresh fish (Gallinelle-Triglia lucerna)","21-12-2022 17:04:07","Italy","information notification for attention","not serious","","","","","","",""
"2022.7378","feed materials","feed","Salmonella in fishmeal from Spain","16-12-2022 17:23:46","Belgium","information notification for follow-up","not serious","","","","","","",""
"2022.6964","fish and products thereof ","food","Anisakis spp, en pescado fresco (Scorpaena scrofa) de Marruecos // Anisakis spp, in fresh fish (Scorpaena scrofa) from Morocco","30-11-2022 15:05:13","Spain","border rejection notification","serious","","","","","","",""
"2022.6952","fish and products thereof ","food","detection of malachite green on fish","30-11-2022 09:50:07","France","border rejection notification","serious","","","","","","",""
"2022.6898","fish and products thereof ","food","Listeria monocytogenes in smoked swordfish","25-11-2022 15:11:28","Italy","alert notification","serious","","","","","","",""
"2022.6800","fish and products thereof ","food","Presencia de Anisakis spp. en pescado fresco (Scorpaena scrofa) de Marruecos / Presencia de Anisakis spp. in fresh fish (Scorpaena scrofa) from Marruecos","22-11-2022 14:59:53","Spain","border rejection notification","serious","","","","","","",""
"2022.6683","other food product / mixed","food","unauthorised operator (for dairy products) and improper health certificate (missing information) for frozen cooked fish products from Malaysia, via the United Kingdom","16-11-2022 12:30:20","France","information notification for follow-up","not serious","","","","","","",""
"2022.6679","fish and products thereof ","food","Listeria monocytogenes in fried fish fillets","16-11-2022 11:41:12","Denmark","alert notification","serious","","","","","","",""
"2022.6589","fish and products thereof ","food","Listeria monocytogenes in fishcakes","10-11-2022 15:22:13","Denmark","alert notification","serious","","","","","","",""
"2022.6553","compound feeds","feed","Maximum selenium content exceeded in feed for fish from Finland","09-11-2022 11:51:44","Poland","information notification for attention","undecided","","","","","","",""
"2022.6493","fish and products thereof ","food","Ruptura de la cadena de frío en productos de la pesca congelados de Marruecos // Poor temperature control for frozen fishery products from Morocco","07-11-2022 12:54:32","Spain","border rejection notification","undecided","","","","","","",""
"2022.6402","fish and products thereof ","food","Listeria monocytogenes in smoked swordfish","02-11-2022 16:37:27","Italy","alert notification","serious","","","","","","",""
"2022.6318","fish and products thereof ","food","Polyphosphates in pollock fish from China","28-10-2022 15:07:14","Poland","information notification for attention","undecided","","","","","","",""
"2022.6185","fish and products thereof ","food","Mercury above legal limits in frozen swordfish from Spain","24-10-2022 09:59:37","Italy","alert notification","serious","","","","","","",""
"2022.6036","cephalopods and products thereof","food","Poor temperature control for frozen octopus, squid, and cuttlefish from Mauritania","17-10-2022 15:20:13","Spain","border rejection notification","undecided","","","","","","",""
"2022.5998","fish and products thereof ","food","Mercury in smoked swordfish from Spain","14-10-2022 14:09:31","Italy","information notification for attention","serious","","","","","","",""
"2022.5876","fish and products thereof ","food","Exceeded level of benzo (a) pyrene and total PAHs - dwarf catfish smoked in vegetable oil(Ameiurus nebulosus)","10-10-2022 15:23:27","Poland","alert notification","serious","","","","","","",""
"2022.5848","fish and products thereof ","food","Mercurio oltre i limiti in filone di pesce spada decongelato s/v//Mercury above limits in thawed swordfish fillet s/v","07-10-2022 17:42:00","Italy","information notification for attention","serious","","","","","","",""
"2022.5776","compound feeds","feed","High level of copper in feed for fish from Belgium","05-10-2022 14:31:20","Belgium","information notification for follow-up","not serious","","","","","","",""
"2022.5758","fish and products thereof ","food","Mercurio oltre i limiti in “filoni di pesce spada” (Xiphias gladius) sottovuoto dallo Sri Lanka//Too high levels of mercury in vacuum-packed \"swordfish loins\" (Xiphias gladius) from Sri Lanka","04-10-2022 16:08:11","Italy","information notification for attention","serious","","","","","","",""
"2022.5724","fish and products thereof ","food","Contenuto di mercurio superiore ai limiti in pescespada decongelato /  Mercury above limits in thawed swordfish","03-10-2022 16:31:53","Italy","information notification for attention","serious","","","","","","",""
"2022.5701","other food product / mixed","food","Undeclared allergen (fish) in Katta sambol from Sri Lanka","03-10-2022 10:19:51","Denmark","information notification for attention","serious","","","","","","",""
"2022.5672","fish and products thereof ","food","Presencia de parásitos (anisakis) en pescado fresco de Marruecos / Presence of parasites (anisakis) in fresh fish from Morocco","30-09-2022 11:17:35","Spain","border rejection notification","serious","","","","","","",""
"2022.5576","feed materials","feed","Salmonellla in frozen fish for pet food","27-09-2022 10:03:08","Italy","information notification for follow-up","undecided","","","","","","",""
"2022.5337","fish and products thereof ","food","Rotura de la cadena de frío en pescado y moluscos congelados de Mauritania; Poor temperature control for frozen fish and molluscs from Maurinatia","13-09-2022 16:17:40","Spain","border rejection notification","undecided","","","","","","",""
"2022.5333","fish and products thereof ","food","Rotura de la cadena de frío en productos de la pesca congelados de Maurinatia. Poor temperature control in frozen fishery products from Mauritania","13-09-2022 15:55:39","Spain","border rejection notification","undecided","","","","","","",""
"2022.5332","fish and products thereof ","food","Ruptura de la cadena de frío en caballa congelada de Marruecos; Poor temperature control in frozen fish from Morocco","13-09-2022 15:55:31","Spain","border rejection notification","undecided","","","","","","",""
"2022.5224","fish and products thereof ","food","Ruptura de la cadena de frío en pulpo y pescado congelado de Mauritania. Poor temperature contron in octopus and frozen fish from Mauritania ","08-09-2022 15:36:09","Spain","border rejection notification","undecided","","","","","","",""
"2022.5202","animal by-products","feed","Enterobacertiaceae and Salmonella spp. in raw pet food for fish from Thailand","07-09-2022 16:10:15","Germany","border rejection notification","serious","","","","","","",""
"2022.5121","fish and products thereof ","food","Mini Drops DHA Omega-3 (Fish Oil)","05-09-2022 11:54:32","Cyprus","border rejection notification","not serious","","","","","","",""
"2022.5055","crustaceans and products thereof","food","Suspicion of salmonella in crayfish from China","31-08-2022 17:04:20","Sweden","information notification for attention","serious","","","","","","",""
"2022.5012","fish and products thereof ","food","Unauthorised substances malachite green and leucomalachite green  in frozen salted snake head fish from Thailand","30-08-2022 16:43:20","France","information notification for attention","serious","","","","","","",""
"2022.4848","fish and products thereof ","food","Mercury in Swordfish","22-08-2022 15:12:51","Belgium","information notification for attention","undecided","","","","","","",""
"2022.4808","crustaceans and products thereof","food","Salmonella in crayfish from China","18-08-2022 17:00:20","Sweden","border rejection notification","serious","","","","","","",""
"2022.4806","crustaceans and products thereof","food","Salmonella enterica ser. Liverpool in frozen crayfish (Procambarus clarkii) from China","18-08-2022 16:43:55","Sweden","border rejection notification","serious","","","","","","",""
"2022.4804","crustaceans and products thereof","food","Salmonella in crayfish from China","18-08-2022 16:35:14","Sweden","border rejection notification","serious","","","","","","",""
"2022.4786","crustaceans and products thereof","food","Salmonella enterica ser. Liverpool in frozen crayfish from China","17-08-2022 17:48:21","Sweden","border rejection notification","serious","","","","","","",""
"2022.4776","fish and products thereof ","food","Mercury in swordfish from Spain","17-08-2022 15:00:54","Netherlands","alert notification","serious","","","","","","",""
"2022.4769","crustaceans and products thereof","food","Salmonella enterica ser. Liverpool in frozen crayfish from China","17-08-2022 12:21:22","Sweden","border rejection notification","serious","","","","","","",""
"2022.4763","fish and products thereof ","food","Presence of Anisakis spp in silver scabbardfish (Lepidopus caudatus) from Morocco","17-08-2022 11:16:21","Spain","border rejection notification","not serious","","","","","","",""
"2022.4691","crustaceans and products thereof","food","Salmonella in crayfish","11-08-2022 17:43:05","Sweden","border rejection notification","serious","","","","","","",""
"2022.4586","feed materials","feed","Ruminant DNA in fish feed","05-08-2022 11:48:28","Cyprus","information notification for follow-up","not serious","","","","","","",""
"2022.4576","fish and products thereof ","food","Increased content of biogenic amines in dried fish from Gambia ","05-08-2022 09:52:03","Germany","alert notification","serious","","","","","","",""
"2022.4536","fish and products thereof ","food","Salmonella in cooked frozen crayfish from China","03-08-2022 16:49:23","Sweden","border rejection notification","serious","","","","","","",""
"2022.4398","fish and products thereof ","food","Unauthorised substance malachite green in frozen catfish (Clarias macrocephalus) from Vietnam","28-07-2022 12:51:57","France","alert notification","serious","","","","","","",""
"2022.4275","fish and products thereof ","food","poor temperature control of frozen yellowfin tuna (Thunnus albacares) and swordfish (Xiphias gladius) from India","21-07-2022 13:43:24","Spain","border rejection notification","undecided","","","","","","",""
"2022.4181","fish and products thereof ","food","Presence of Anisakis in scabbard fish from Malta","18-07-2022 10:53:36","Italy","information notification for attention","not serious","","","","","","",""
"2022.3848","fish and products thereof ","food","High levels of Mercury (Hg) in frozen swordfish from Spain","01-07-2022 16:28:34","Italy","alert notification","serious","","","","","","",""
"2022.3798","cephalopods and products thereof","food","Seppia indopacifica decongelata - presenza di cadmio oltre i limiti/Cadmium in frozen cuttlefish (Sepia pharaonis) from Spain made with raw material from India","30-06-2022 09:46:33","Italy","information notification for attention","serious","","","","","","",""
"2022.3761","feed materials","feed","ruminant DNA in fish feed from Spain","28-06-2022 16:32:53","Cyprus","information notification for follow-up","not serious","","","","","","",""
"2022.3712","fish and products thereof ","food","High levels of Mercury (Hg) in frozen swordfish","24-06-2022 15:31:05","Italy","alert notification","serious","","","","","","",""
"2022.3711","fish and products thereof ","food","Too high level of Mercury in grouper fish","24-06-2022 15:09:09","France","information notification for attention","serious","","","","","","",""
"2022.3679","fish and products thereof ","food","mercury in swordfish from Seychelles","23-06-2022 10:37:18","France","information notification for attention","serious","","","","","","",""
"2022.3657","cephalopods and products thereof","food","Rotura de la cadena de frío en Sepia (Sepia officinalis) y Pota (Illex) congelada de Marruecos. // Poor temperature control in frozen Cuttle fish (Sepia officinalis) and Squid (Illex)) from  Morocco.","22-06-2022 15:23:21","Spain","border rejection notification","not serious","","","","","","",""
"2022.3637","prepared dishes and snacks","food","egg and fish undeclared on chilled tuna pasta salad mislabelled as feta pasta salad from Belgium","21-06-2022 15:34:28","Belgium","alert notification","serious","","","","","","",""
"2022.3560","fish and products thereof ","food","dried fish products with logo Mama Africa ","17-06-2022 10:49:36","Italy","information notification for follow-up","undecided","","","","","","",""
"2022.3532","fish and products thereof ","food","High levels of mercury in frozen fish from the United States","15-06-2022 15:57:47","Lithuania","border rejection notification","serious","","","","","","",""
"2022.3504","feed materials","feed","Dioxins in Refined fish oil from China","14-06-2022 15:02:42","Netherlands","information notification for attention","serious","","","","","","",""
"2022.3432","prepared dishes and snacks","food","undeclared allergens milk and fish in greenpea mock crackling from the Philippines","10-06-2022 15:54:38","European Commission","alert notification","serious","","","","","","",""
"2022.3233","fish and products thereof ","food","Possible foodborne outbreak suspected to be caused by fresh tuna fish from India via Neatherlands","01-06-2022 17:12:02","Czech Republic","information notification for attention","undecided","","","","","","",""
"2022.3189","fish and products thereof ","food","Presence of mercury above legal limits in swordfish from Spain","31-05-2022 16:44:55","Italy","alert notification","serious","","","","","","",""
"2022.3137","feed materials","feed","Salmonella in fishmeal from Denmark","30-05-2022 12:21:59","Belgium","information notification for follow-up","not serious","","","","","","",""
"2022.2835","fish and products thereof ","food","Mercury beyond the limits in vacuum packed swordfish steak","12-05-2022 17:42:53","Italy","information notification for attention","serious","","","","","","",""
"2022.2832","fish and products thereof ","food","Rotura de la cadena de frío en surimi de Estados Unidos.Poor temperature control is fishery products from United States.","12-05-2022 17:23:18","Spain","border rejection notification","undecided","","","","","","",""
"2022.2821","fish and products thereof ","food","Presenza di mercurio oltre i limiti in pesce spada dalla Spagna / Presence of mercury above legal limits in swordfish from Spain","12-05-2022 14:29:17","Italy","information notification for attention","serious","","","","","","",""
"2022.2780","fish and products thereof ","food","parasitic infestation with Anisakis (massive presence of live larvae in celomatic cavity) of chilled monkfish (Lophius piscatorius) from France","11-05-2022 16:56:47","Italy","information notification for attention","not serious","","","","","","",""
"2022.2749","feed materials","feed","PRESENZA DI SALMONELLA INFANTIS IN FARINA DI PESCE/ presence of salmonella infantis in fish meal from Denmark","10-05-2022 16:51:12","Italy","information notification for follow-up","not serious","","","","","","",""
"2022.2706","bivalve molluscs and products thereof","food","Withdrawal of shells following the closure of a French fishing area as a result of a risk of Norovirus contamination)","09-05-2022 09:33:49","France","alert notification","serious","","","","","","",""
"2022.2628","fish and products thereof ","food","Mercury in fish from Indonesia","05-05-2022 13:14:08","Germany","border rejection notification","serious","","","","","","",""
"2022.2489","fish and products thereof ","food","Anisakis find by a consumer in fish sticks made in Germany","28-04-2022 18:47:59","France","information notification for follow-up","undecided","","","","","","",""
"2022.2144","fish and products thereof ","food","prodotti della pesca trasformati (semiconserve) elaborati e confezionati in stabilimento non riconosciuto//processed (semi-preserved) fishery products manufactured and packaged in a non-approved establishment","11-04-2022 11:51:27","Italy","information notification for follow-up","undecided","","","","","","",""
"2022.2079","fats and oils","other","FISH OIL","07-04-2022 13:34:21","Portugal","border rejection notification","undecided","","","","","","",""
"2022.2012","fish and products thereof ","food","Presence of mercury above legal limits in swordfish from Spain","05-04-2022 16:42:29","Italy","alert notification","serious","","","","","","",""
"2022.1721","cocoa and cocoa preparations, coffee and tea","food","Undeclared allergen fish in instant coffee","23-03-2022 17:46:16","Sweden","alert notification","serious","","","","","","",""
"2022.1664","feed materials","feed","Presence of ruminant DNA in fish feed from Thailand","22-03-2022 12:00:13","Cyprus","border rejection notification","serious","","","","","","",""
"2022.0945","soups, broths, sauces and condiments","food","Unauthorised third country (without approved residue monitoring plan for fishery products) in oyster sauce from China.","16-03-2022 13:17:12","Spain","border rejection notification","not serious","","","","","","",""
"2022.1525","prepared dishes and snacks","food","milk ingredient, fish, crustaceans and molluscs undeclared (labelling not in English) in frozen paella from Belgium","15-03-2022 17:24:55","Ireland","alert notification","serious","","","","","","",""
"2021.5771","fish and products thereof ","food"," Identity check: label / document mismatch / fish / Mauritania","15-03-2022 16:21:54","Spain","border rejection notification","no risk","","","","","","",""
"2022.1375","fish and products thereof ","food"," breaded fish - Foreign body","08-03-2022 15:11:01","France","alert notification","undecided","","","","","","",""
"2022.1371","fish and products thereof ","food","Listeria monocytogenes in smoked fish from France ","08-03-2022 14:15:57","France","alert notification","serious","","","","","","",""
"2022.0676","fish and products thereof ","food","Cantidad y contenido de la partida no amparada por el certificado oficial en pescado (varias especies)de Mauritania. Quantity (excess) and contend of consignment not provided in the official certificates Boxes without idetification mark in Fishery products (vaious species)from Mauritania","23-02-2022 11:35:39","Spain","border rejection notification","not serious","","","","","","",""
"2022.1020","fish and products thereof ","food","Mercury in fish.","22-02-2022 11:07:20","Netherlands","border rejection notification","serious","","","","","","",""
"2022.1004","feed materials","feed","Clostridium perfringens in fishmeal from Latvia","21-02-2022 16:21:02","Romania","information notification for attention","not serious","","","","","","",""
"2022.1001","cereals and bakery products","food","Establecimiento no autorizado, noodles con extracto de marisco de Taiwan. Unauthorized establishment for fishery products in composite product (noodles) from Taiwan. ","21-02-2022 15:56:47","Spain","border rejection notification","undecided","","","","","","",""
"2022.0990","fish and products thereof ","food","insufficient checks (unfinished import procedures) of frozen fish from China and Poland","21-02-2022 11:01:24","European Commission","information notification for follow-up","not serious","","","","","","",""
"2022.0870","fish and products thereof ","food","metal particles in codfish from the Netherlands","15-02-2022 08:49:27","Netherlands","alert notification","serious","","","","","","",""
"2022.0840","fish and products thereof ","food","mercury detected swordfish fillet with skin","11-02-2022 15:54:06","Netherlands","information notification for attention","serious","","","","","","",""
"2022.0786","fish and products thereof ","food","Ausencia de marca identificacion y no concordancia especies en productos de la pesca de Marruecos/ Absence of identification marks absence and species mismatch in fishery products from Morocco","09-02-2022 15:43:37","Spain","border rejection notification","undecided","","","","","","",""
"2022.0785","fish and products thereof ","food","ausencia de marca identificacion y no concordancia especies en productos de la pesca de Marruecos / Abscense of identification marks and species mismatch in fishery products from Morocco","09-02-2022 15:43:15","Spain","border rejection notification","undecided","","","","","","",""
"2022.0738","soups, broths, sauces and condiments","food","Leaking packaging fish sauce","07-02-2022 17:41:06","Netherlands","information notification for follow-up","not serious","","","","","","",""
"2022.0699","fish and products thereof ","food","Mercury in swordfish from Portugal","04-02-2022 16:34:01","Spain","information notification for attention","serious","","","","","","",""
"2022.0693","prepared dishes and snacks","food","Undeclared allergen fish in seafood paella from Germany","04-02-2022 15:38:05","Germany","alert notification","serious","","","","","","",""
"2022.0618","fish and products thereof ","food","Mercury in swordfish-steaks (Xiphias gladius) from Indonesia","02-02-2022 11:41:21","Germany","information notification for attention","serious","","","","","","",""
"2022.0607","fish and products thereof ","food","Mercury in swordfish","01-02-2022 17:16:32","Netherlands","alert notification","serious","","","","","","",""
"2022.0504","cephalopods and products thereof","food","cadmium in frozen cuttlefish (Sepiella japonica) from Vietnam","26-01-2022 16:06:27","Italy","information notification for attention","serious","","","","","","",""
"2022.0217","fish and products thereof ","food","Unauthorised operator (vessel) for frozen monkfish tails (Lophius spp) and frozen scallops (Pecten maximus) from the United Kingdom","12-01-2022 16:30:45","Spain","border rejection notification","undecided","","","","","","",""
"2021.7258","bivalve molluscs and products thereof","food","Diarrhoeic Shellfish Poisoning (DSP) toxins (161 µg/kg - ppb) in live mussels (Mytilus galloprovincialis) from Italy","31-12-2021 09:45:11","Italy","alert notification","serious","","","","","","",""
"2021.7004","fish and products thereof ","food","Unauthorised operator (vessel) and improper health certificate(s) for chilled fish products from Mauritania","20-12-2021 16:41:59","Spain","border rejection notification","undecided","","","","","","",""
"2021.7000","fish and products thereof ","food","Foreign bodies (pieces of foil) in deep-frozen monkfish from Portugal ","20-12-2021 15:10:50","Germany","information notification for follow-up","not serious","","","","","","",""
"2021.6931","prepared dishes and snacks","food","Undeclared allergens fish and egg in wrap","16-12-2021 14:36:30","Netherlands","alert notification","serious","","","","","","",""
"2021.6878","fish and products thereof ","food","Too high content of benzoic acid and sorbic acid in dried fish from Russia","15-12-2021 07:44:26","Lithuania","information notification for follow-up","not serious","","","","","","",""
"2021.6831","fish and products thereof ","food","Mercury above the limits in vacuum packed long fillet of thawed swordfish (Xiphias gladius) from China","13-12-2021 12:02:18","Italy","information notification for attention","serious","","","","","","",""
"2021.6830","fish and products thereof ","food","mercury (1.6 mg/kg - ppm) in frozen swordfish ((Xiphias gladius) steaks from Spain, with raw material from Namibia","13-12-2021 11:53:13","Italy","alert notification","serious","","","","","","",""
"2021.6759","compound feeds","feed","Ruminant DNA in compound feed (fish feed) from Lithuania","09-12-2021 14:44:09","Latvia","information notification for follow-up","not serious","","","","","","",""
"2021.6704","fish and products thereof ","food","botulism case suspected to be linked to fish soup from France","07-12-2021 16:11:07","Belgium","news","serious","","","","","","",""
"2021.6505","crustaceans and products thereof","food","Semicarbazide in live crayfish (Astacus leptodactylus) from Turkey","30-11-2021 14:15:09","Germany","information notification for attention","not serious","","","","","","",""
"2021.6376","fish and products thereof ","food"," MERCURIO SUPERIORE AI LIMITI CONSENTITI IN PESCE SPADA///Mercury in frozen swordfish from Spain","24-11-2021 16:21:02","Italy","alert notification","serious","","","","","","",""
"2021.6368","fish and products thereof ","food","poor temperature control (between -7,2ºC and -14,5ºC) of frozen fish from the Falkland Islands","24-11-2021 14:39:23","Spain","border rejection notification","not serious","","","","","","",""
"2021.6293","fish and products thereof ","food","mercurio oltre i limiti consentiti in pesce spada//mercury beyond the limits allowed in swordfish","19-11-2021 17:57:46","Italy","information notification for attention","serious","","","","","","",""
"2021.6292","fish and products thereof ","food","Anisakis, peces (Lepidopus caudatus), Marruecos // Anisakis, fish (Lepidopus caudatus), Morocco","19-11-2021 17:49:05","Spain","border rejection notification","serious","","","","","","",""
"2021.6280","fish and products thereof ","food","poor temperature control (-3ºC) on frozen fish from Peru","19-11-2021 15:11:04","Spain","border rejection notification","not serious","","","","","","",""
"2021.6267","feed materials","feed","Salmonella spp. and enterobacteria in frozen ornamental fish food from Thailand","19-11-2021 11:18:30","Germany","border rejection notification","not serious","","","","","","",""
"2021.6088","fish and products thereof ","food","presenza Listeria monocytogenes in carpaccio di pesce spada affumicato ///Listeria monocytogenes in smoked swordfish carpaccio","09-11-2021 16:23:30","Italy","alert notification","serious","","","","","","",""
"2021.6058","fish and products thereof ","food","mercury (1.3 mg/kg - ppm) in defrosted swordfish from Spain","08-11-2021 19:08:43","Italy","information notification for attention","serious","","","","","","",""
"2021.5992","fish and products thereof ","food","Listeria monocitogenes in baccalà mantecato //Listeria monocytogenes in whipped codfish","05-11-2021 12:53:19","Italy","alert notification","serious","","","","","","",""
"2021.5873","fish and products thereof ","food","Mercury in swordfish from Sri Lanka","29-10-2021 16:39:20","Germany","information notification for attention","serious","","","","","","",""
"2021.5859","fish and products thereof ","food","Anisakis spp, producto de la pesca, Marruecos // Anisakis spp, fish product, Morocco","29-10-2021 13:52:52","Spain","border rejection notification","not serious","","","","","","",""
"2021.5216","fish and products thereof ","food","Mercancía sin declarar en el Certificado, falta de marca de identificación, productos de la pesca, Uruguay // Undeclared merchandise in the Certificate, lack of identification mark, fishery products, Uruguay","29-10-2021 10:10:22","Spain","border rejection notification","not serious","","","","","","",""
"2021.5739","feed materials","feed","Salmonella in fishmeal from Denmark","22-10-2021 16:51:33","Belgium","information notification for follow-up","not serious","","","","","","",""
"2021.5558","fish and products thereof ","food","Canned Fish Products without English Labelling from Poland","14-10-2021 16:48:31","Ireland","information notification for follow-up","undecided","","","","","","",""
"2021.5556","fish and products thereof ","food","mercury in frozen swordfish (Xiphias gladius) from Spain","14-10-2021 15:59:46","Italy","alert notification","serious","","","","","","",""
"2021.5527","fish and products thereof ","food","Anisakis in chilled silver scabbardfish (Lepidopus caudatus) from Morocco","13-10-2021 15:34:34","Spain","border rejection notification","not serious","","","","","","",""
"2021.5522","feed materials","feed","lead in fish meal from Latvia","13-10-2021 13:54:53","Austria","information notification for follow-up","undecided","","","","","","",""
"2021.5445","fish and products thereof ","food","Mercury in chilled swordfish from Spain","08-10-2021 18:25:34","Spain","information notification for attention","serious","","","","","","",""
"2021.5383","fish and products thereof ","food","mercury in chilled swordfish (Xiphias gladius) from France","06-10-2021 17:34:55","Italy","alert notification","serious","","","","","","",""
"2021.5297","feed materials","feed","Salmonella enterica ser. Chester in fishmeal pellets for farmed salmon from the United Kingdom","04-10-2021 13:05:18","Denmark","border rejection notification","not serious","","","","","","",""
"2021.5213","fish and products thereof ","food","Mercury in chilled swordfish (Xiphias gladius) from Spain","29-09-2021 14:15:28","France","information notification for attention","serious","","","","","","",""
"2021.5086","feed materials","feed","Salmonella in fish meal from the United States","23-09-2021 15:44:31","Denmark","border rejection notification","not serious","","","","","","",""
"2021.5078","fish and products thereof ","food","Mercury in chilled swordfish loins (Xiphias gladius) from Sri Lanka","23-09-2021 14:35:13","Belgium","border rejection notification","serious","","","","","","",""
"2021.5063","feed materials","feed","Salmonella spp. in fishmeal from USA","22-09-2021 15:57:25","Denmark","border rejection notification","not serious","","","","","","",""
"2021.5006","fish and products thereof ","food","Mercury beyond the limits in frozen swordfish from South Korea","20-09-2021 17:05:21","Italy","alert notification","serious","","","","","","",""
"2021.4973","fish and products thereof ","food","Mercury in swordfish from Sri Lanka","17-09-2021 12:24:53","Belgium","information notification for attention","serious","","","","","","",""
"2021.4956","fish and products thereof ","food","Mercury in frozen swordfish loins from South Korea","16-09-2021 16:44:53","Italy","information notification for attention","serious","","","","","","",""
"2021.4954","fish and products thereof ","food","Pieces of glass in canned fish from Morocco","16-09-2021 16:24:47","Croatia","information notification for attention","serious","","","","","","",""
"2021.4945","fish and products thereof ","food","unauthorised establishment for chilled fish from New Zealand","16-09-2021 11:59:23","Cyprus","border rejection notification","no risk","","","","","","",""
"2021.4904","compound feeds","feed","PRESENCE OF RUMINANT DNA IN FISH FEED FROM SPAIN","14-09-2021 14:27:02","Cyprus","information notification for follow-up","not serious","","","","","","",""
"2021.4834","bivalve molluscs and products thereof","food","Diarrhoeic Shellfish Poisoning (DSP) toxins - okadaic acid (292 µg/kg - ppb) in live mussels (Mytilus galloprovincialis) from Spain, purified in Italy","10-09-2021 11:29:25","Italy","information notification for attention","serious","","","","","","",""
"2021.4780","fish and products thereof ","food","Mercury in swordfish from Spain ","07-09-2021 16:04:29","Netherlands","alert notification","serious","","","","","","",""
"2021.4773","feed materials","feed","Unauthorized substance ethoxyquin in feed for fish from Spain","07-09-2021 14:07:03","Germany","information notification for follow-up","undecided","","","","","","",""
"2021.4478","fish and products thereof ","food","cadmium  and mercury in Fresh sword fish loins from Sri Lanka","20-08-2021 15:04:48","France","information notification for attention","serious","","","","","","",""
"2021.4476","fish and products thereof ","food","Mercury in Swordfish from Spain","20-08-2021 14:30:31","Italy","alert notification","serious","","","","","","",""
"2021.4464","fish and products thereof ","food","Fresh sword fish loins - presence of mercury and cadmium","20-08-2021 09:21:38","France","information notification for attention","serious","","","","","","",""
"2021.4434","fish and products thereof ","food","Pescados y cefalópodos frescos, con documentación inadecuada, de Marruecos / Fresh fish and cephalopods, with inadequate documentation, from Morocco","19-08-2021 11:13:06","Spain","border rejection notification","not serious","","","","","","",""
"2021.4367","fish and products thereof ","food","Fresh fish (Merluccius spp y Lepidopus caudatus ), with anisakis, from Morocco","16-08-2021 14:32:21","Spain","border rejection notification","undecided","","","","","","",""
"2021.4297","fish and products thereof ","food","mercurio in pesce spada congelato dalla Spagna//mercury in frozen swordfish from Spain","11-08-2021 16:23:44","Italy","alert notification","serious","","","","","","",""
"2021.4275","crustaceans and products thereof","food","Residues of chloramphenicol in crayfish from China","11-08-2021 10:48:33","Belgium","border rejection notification","serious","","","","","","",""
"2021.4255","bivalve molluscs and products thereof","food","suspicion of Diarrhoeic Shellfish Poisoning (DSP) toxins in tellins from France","10-08-2021 12:52:19","France","information notification for attention","serious","","","","","","",""
"2021.4226","feed materials","feed","dioxins in fish meal","09-08-2021 09:49:06","Latvia","information notification for follow-up","not serious","","","","","","",""
"2021.4211","fish and products thereof ","food","MERCURY IN FROZEN SWORDFISH (XIPHIAS GLADIUS) FROM SPAIN ","06-08-2021 15:23:00","Spain","alert notification","serious","","","","","","",""
"2021.3992","fish and products thereof ","food","Mercurio in filoni di pesce spada preparato//Mercury in swordfish fillet","28-07-2021 15:14:45","Italy","alert notification","serious","","","","","","",""
"2021.3904","fish and products thereof ","food","mercury in chilled vacuum-packed swordfish loins (Xiphias gladius) from Spain","23-07-2021 12:32:13","Italy","information notification for attention","serious","","","","","","",""
"2021.3883","bivalve molluscs and products thereof","food","withdrawal of live scallops (Aequipecten operculatis) harvested in France because of possible contamination with Diarrhoeic Shellfish Poisoning (DSP) toxins","22-07-2021 15:16:01","France","alert notification","serious","","","","","","",""
"2021.3825","fish and products thereof ","food","Anisakis spp. in Peter's Fish (Zeus Faber) from Morocco","19-07-2021 11:03:22","Spain","border rejection notification","not serious","","","","","","",""
"2021.3824","fish and products thereof ","food","mercurio in filoni di pesce spada decongelati preparati // mercury (2.1 mg/kg - ppm) in defrosted swordfish loins from Spain","19-07-2021 10:50:09","Italy","information notification for attention","serious","","","","","","",""
"2021.3695","fish and products thereof ","food","parasitic infestation with Anisakis of chilled silver scabbardfish (Lepidopus caudatus) from Morocco","12-07-2021 17:25:53","Spain","border rejection notification","not serious","","","","","","",""
"2021.3663","fish and products thereof ","food","presence of mercury in swordfish from Spain","09-07-2021 14:52:53","Italy","alert notification","serious","","","","","","",""
"2021.3630","fish and products thereof ","food","mercury in frozen swordfish (Xiphias gladius) from Spain","08-07-2021 17:50:43","Spain","alert notification","serious","","","","","","",""
"2021.3598","fish and products thereof ","food","parasitic infestation with Anisakis of chilled silver scabbardfish (Lepidopus caudatus) from Morocco ","08-07-2021 09:56:02","Spain","border rejection notification","not serious","","","","","","",""
"2021.3554","feed materials","feed","salmonella in fish meal from Morocco","06-07-2021 17:07:55","Spain","information notification for attention","not serious","","","","","","",""
"2021.3331","bivalve molluscs and products thereof","food","Diarrhetic Shellfish Poisoning  (DSP) toxins (okadaic acid : 293,6 μg/kg) in frozen stuffed mussels(Mytilus galloprovincialis) from Turkey","24-06-2021 13:27:17","Greece","border rejection notification","serious","","","","","","",""
"2021.3299","fish and products thereof ","food","mercury exceeds maximum limits in Monkfish from Morocco","23-06-2021 14:04:51","Spain","information notification for attention","serious","","","","","","",""
"2021.3279","fish and products thereof ","food","Mercury in thawed vacuum-packed swordfish loins (Xiphias gladius) from Spain","22-06-2021 15:55:40","Italy","information notification for attention","serious","","","","","","",""
"2021.3160","fish and products thereof ","food","Salmonella Infantis in frozen fish (Gourami) from Vietnam","17-06-2021 15:59:46","Norway","information notification for follow-up","not serious","","","","","","",""
"2021.2997","other food product / mixed","food","egg and milk ingredient undeclared and incorrect labelling on chilled breaded fish from the Netherlands","10-06-2021 11:55:31","Sweden","alert notification","serious","","","","","","",""
"2021.2989","bivalve molluscs and products thereof","food","fishing mussels - salmonella spp","09-06-2021 17:42:33","France","information notification for attention","serious","","","","","","",""
"2021.2922","fish and products thereof ","food","Poor Temperature control - rupture of the cold chain - of frozen fish from Morocco","07-06-2021 13:57:17","Spain","border rejection notification","not serious","","","","","","",""
"2021.2896","fish and products thereof ","food","mercury in smoked swordfish (xiphias gladius) from Spain","04-06-2021 17:26:21","Italy","alert notification","undecided","","","","","","",""
"2021.2795","bivalve molluscs and products thereof","food","Diarrhoeic Shellfish Poisoning (DSP) toxins (okadaic acid: >320 µg/kg; dinophystoxins: <40 and 71 µg/kg - ppb) in live cockles (Cerastoderma edule) from Portugal","01-06-2021 14:05:57","Spain","alert notification","serious","","","","","","",""
"2021.2664","bivalve molluscs and products thereof","food","Diarrhoeic Shellfish Poisoning (DSP) toxins in live mussels (Mytulis galloprovincialis) from Spain","26-05-2021 12:43:14","Spain","information notification for attention","serious","","","","","","",""
"2021.2512","fish and products thereof ","food","Mercury in swordfish from Spain","19-05-2021 11:48:19","Italy","information notification for attention","serious","","","","","","",""
"2021.2388","fish and products thereof ","food","mercury in swordfish from Spain","12-05-2021 14:40:09","Italy","alert notification","serious","","","","","","",""
"2021.2324","fish and products thereof ","food","Anisakis infestation in chilled red scorpionfish (Scorpaena scrofa) from Morocco","10-05-2021 10:48:34","Spain","border rejection notification","not serious","","","","","","",""
"2021.2306","fish and products thereof ","food","too high content of cadmium and mercury in swordfish (Xiphias gladius)","07-05-2021 16:01:49","Switzerland","information notification for attention","serious","","","","","","",""
"2021.2285","fish and products thereof ","food","parasites Anisakis spp.in fish Morocco","07-05-2021 12:07:00","Spain","border rejection notification","undecided","","","","","","",""
"2021.2284","feed materials","feed","Salmonella spp. in fish meal","07-05-2021 11:39:38","Spain","border rejection notification","not serious","","","","","","",""
"2021.2185","fish and products thereof ","food","Mercury in swordfish (Xiphias gladius) from Spain","03-05-2021 12:57:48","Italy","information notification for attention","serious","","","","","","",""
"2021.2109","feed materials","feed","Salmonella spp. in fish meal","28-04-2021 09:15:22","Spain","information notification for attention","not serious","","","","","","",""
"2021.2088","fish and products thereof ","food","mercury in chilled fish fillets (Seriola carpenteri) from Côte d'Ivoire","27-04-2021 08:43:09","France","information notification for attention","serious","","","","","","",""
"2021.1986","fish and products thereof ","food","Glass fragments in fish product (herring in tomato sauce) from the Czech Republic","21-04-2021 17:13:10","Austria","alert notification","serious","","","","","","",""
"2021.1916","fish and products thereof ","food","Pescado rotura cadena frío de Marruecos / Poor Temperature control - rupture of the cold chain - of frozen fish from Morocco.","19-04-2021 12:41:47","Spain","border rejection notification","not serious","","","","","","",""
"2021.1886","prepared dishes and snacks","food","Cheese croquette contains allergen shellfish","16-04-2021 11:20:41","Netherlands","alert notification","serious","","","","","","",""
"2021.1856","fish and products thereof ","food","Allergen shellfish is missing on the label","14-04-2021 15:46:19","Netherlands","alert notification","serious","","","","","","",""
"2021.1786","fish and products thereof ","food","Altered organoleptic characteristics Swordfish from China ","09-04-2021 15:14:41","Italy","border rejection notification","not serious","","","","","","",""
"2021.1751","bivalve molluscs and products thereof","food","Shell clams (Live bivalve molluscs) withdrawn and recalled following closure of a French production area : risk of amnesic shellfish poison (ASP) contamination ","08-04-2021 12:14:41","France","information notification for attention","serious","","","","","","",""
"2021.1712","fish and products thereof ","food","Pescado rotura cadena frío de Papeete (Polinesia Francesa) / Poor Temperature control - rupture of the cold chain - of frozen fish from Papeete (French Polynesia)","06-04-2021 16:39:12","Spain","border rejection notification","not serious","","","","","","",""
"2021.1677","fish and products thereof ","food","high content of mercury in swordfish from Spain","01-04-2021 17:30:34","Belgium","information notification for attention","serious","","","","","","",""
"2021.1615","fish and products thereof ","food","Salmonella in gray fish powder from the Netherlands","30-03-2021 17:27:54","Germany","alert notification","serious","","","","","","",""
"2021.1533","fish and products thereof ","food","Attempt to illegally import (unsatisfactory identity check) frozen codfish filets from China","25-03-2021 16:55:36","Spain","information notification for attention","undecided","","","","","","",""
"2021.1520","bivalve molluscs and products thereof","food","Withdrawal and recall of oysters following a fishing area closure (risk of norovirus contamination)","25-03-2021 12:15:50","France","information notification for attention","serious","","","","","","",""
"2021.1476","fish and products thereof ","food","mercury in swordfish from Morocco","23-03-2021 13:58:00","Spain","border rejection notification","serious","","","","","","",""
"2021.1462","fish and products thereof ","food","Cadmium exceeding regulatory maximal level in fish (Katsuwonus (Euthynnus) pelamis from Ecuador ","22-03-2021 18:44:14","France","information notification for attention","serious","","","","","","",""
"2021.1385","fish and products thereof ","food","Histamine and cadmium in Tuna Fish from Pakistan","17-03-2021 16:31:06","Netherlands","information notification for attention","serious","","","","","","",""
"2021.1381","feed materials","feed","Salmonella in fish meal from Peru, via France","17-03-2021 15:23:21","Belgium","information notification for follow-up","not serious","","","","","","",""
"2021.1049","fish and products thereof ","food","Mercury (>1,5mg/kg) in chilled swordfish (Xiphias gladius) CHEDP.ES.2021.0006236","02-03-2021 14:06:02","Spain","information notification for attention","serious","","","","","","",""
"2021.0786","fish and products thereof ","food","Poor temperature control - rupture of the cold chain - of dogtooth grouper (Epinephelus caninus), red scorpionfish (Scorpaena scrofa) and squids (Loligo vulgaris) from Senegal","15-02-2021 15:55:15","Spain","border rejection notification","not serious","","","","","","",""
"2021.0581","cephalopods and products thereof","food","too high content of cadmium in cuttlefish (sepia aculeata) frozen","05-02-2021 10:28:23","Switzerland","alert notification","serious","","","","","","",""
"2021.0451","fish and products thereof ","food","Unauthorised irradation of catfish","29-01-2021 12:55:03","Belgium","border rejection notification","undecided","","","","","","",""
"2021.0169","fish and products thereof ","food","unauthorised irradiation of frozen catfish from Vietnam","13-01-2021 12:33:22","European Commission","border rejection notification","not serious","","","","","","",""
"2020.5932","crustaceans and products thereof","food","Chlorate in crayfish from Spain","21-12-2020 18:29:17","Germany","information notification for follow-up","not serious","","","","","","",""
"2020.5903","fish and products thereof ","food","Mercurio in filoni di pesce spada decongelato sottovuoto- mercry in vacuum-packed defrosted swordfish","21-12-2020 10:39:05","Italy","alert notification","serious","","","","","","",""
"2020.5772","fish and products thereof ","food contact material","Salmonella detected in Fish Maws","15-12-2020 16:36:39","United Kingdom","information notification for attention","undecided","","","","","","",""
"2020.5752","compound feeds","feed","PRESENCE OF RUMINANT DNA IN FISH FEED FROM SPAIN","15-12-2020 12:07:50","Cyprus","information notification for follow-up","not serious","","","","","","",""
"2020.5103","cephalopods and products thereof","food","Labelling deficiencies for yellow fish from the United Kingdom","27-11-2020 12:32:09","Germany","information notification for attention","undecided","","","","","","",""
"2020.5366","cephalopods and products thereof","food","Cadmium in frozen whole round cuttlefish (Sepia pharaonis) from Vietnam","27-11-2020 11:07:56","Switzerland","alert notification","serious","","","","","","",""
"2020.5331","fish and products thereof ","food","presenza di mercurio // mercury in vacuum-packed defrosted swordfish from Spain","26-11-2020 14:38:06","Italy","information notification for attention","serious","","","","","","",""
"2020.5235","fish and products thereof ","food","mercury in vaccum packed defrosted swordfish loins","24-11-2020 14:51:26","Italy","information notification for attention","serious","","","","","","",""
"2020.5199","fish and products thereof ","food","fish:dioxines","23-11-2020 13:42:29","Belgium","information notification for attention","serious","","","","","","",""
"2020.5195","soups, broths, sauces and condiments","food","Tartufetta 80g _Allergene pesce non dichiarato per errata etichettatura del prodotto- Fish allergen not declared due to incorrect  label","23-11-2020 13:21:13","Italy","alert notification","serious","","","","","","",""
"2020.5012","fish and products thereof ","feed","Whole gutted frozen catfish unauthorised irradiation","13-11-2020 16:17:57","Italy","information notification for attention","not serious","","","","","","",""
"2020.4916","fish and products thereof ","food","MERCURY IN SWORDFISH (XHIPIAS GLADIUS) FROM SPAIN","10-11-2020 16:04:04","Spain","alert notification","serious","","","","","","",""
"2020.4903","fish and products thereof ","food","presenza di mercurio oltre i limiti in pesce spada affumicato- Hg in chilled smoked swordfish ","10-11-2020 12:15:24","Italy","alert notification","serious","","","","","","",""
"2020.4851","fish and products thereof ","food","pesce spada hg // unofficial translation: mercury in swordfish from Spain","09-11-2020 11:17:15","Italy","alert notification","serious","","","","","","",""
"2020.4780","feed materials","feed","identificare ADN de la rumegatoare in furajul pentru hranirea pestilor//identification of DNA from ruminants in fish feed","05-11-2020 16:36:59","Romania","information notification for attention","not serious","","","","","","",""
"2020.4756","fish and products thereof ","food","Too high content of mercury in swordfish from Spain","05-11-2020 10:46:49","Germany","information notification for attention","serious","","","","","","",""
"2020.4697","fish and products thereof ","food","mercury in thawed swordfish loins (Xiphias gladius) from Spain","03-11-2020 12:59:28","Italy","information notification for attention","serious","","","","","","",""
"2020.4688","fish and products thereof ","food","Mercury in chilled fillets of swordfish from Seychelles","02-11-2020 17:38:15","France","information notification for attention","serious","","","","","","",""
"2020.4581","pet food","feed","KOI fish feed","28-10-2020 10:14:32","United Kingdom","border rejection notification","undecided","","","","","","",""
"2020.4455","fish and products thereof ","food","Mercury in chilled swordfish (Xiphias gladius) from France","21-10-2020 16:37:50","Italy","alert notification","serious","","","","","","",""
"2020.4435","prepared dishes and snacks","food","presence of undeclared allergens fish and celery in club salad from Belgium","21-10-2020 12:35:09","Netherlands","alert notification","serious","","","","","","",""
"2020.4410","fish and products thereof ","food","SWORDFISH (Xiphias gladius) - Mercury -","20-10-2020 15:12:54","Italy","information notification for attention","serious","","","","","","",""
"2020.4347","fish and products thereof ","food","Mercury in frozen swordfish loins (Xiphias gladius) from Portugal","16-10-2020 11:50:02","Italy","alert notification","serious","","","","","","",""
"2020.4341","fish and products thereof ","food","mercury in fresh swordfish","16-10-2020 09:38:34","Belgium","information notification for attention","serious","","","","","","",""
"2020.4123","feed materials","feed","high content of enterobacteriaceae in fishmeal","07-10-2020 12:49:40","Spain","border rejection notification","not serious","","","","","","",""
"2020.3944","fish and products thereof ","food","Undeclared allergen (barley) in Iceland brand Fish Pie.","25-09-2020 18:17:27","United Kingdom","alert notification","serious","","","","","","",""
"2020.3869","fish and products thereof ","food","Mercury in swordfish from Mozambique","23-09-2020 10:02:30","Germany","border rejection notification","serious","","","","","","",""
"2020.3809","fish and products thereof ","food","mercury in swordfish from Mozambique","17-09-2020 16:50:04","Germany","border rejection notification","serious","","","","","","",""
"2020.3807","fish and products thereof ","food","mercury in swordfish from Mozambique","17-09-2020 16:26:12","Germany","border rejection notification","serious","","","","","","",""
"2020.3804","fish and products thereof ","food","mercury in fish","17-09-2020 15:21:39","Germany","border rejection notification","serious","","","","","","",""
"2020.3790","fish and products thereof ","food","Mercury in chilled swordfish","16-09-2020 12:04:37","France","border rejection notification","serious","","","","","","",""
"2020.3738","fish and products thereof ","food contact material","Smoked fish unfit for human consumption","14-09-2020 12:54:58","United Kingdom","border rejection notification","not serious","","","","","","",""
"2020.3722","fish and products thereof ","food","Attempt to illegally import smoked fish, prawns and chicken products from Ghana","11-09-2020 15:13:53","United Kingdom","border rejection notification","not serious","","","","","","",""
"2020.3701","fish and products thereof ","food","Mercury in Swordfish","10-09-2020 17:22:13","Germany","border rejection notification","serious","","","","","","",""
"2020.3641","fish and products thereof ","food","Parasitic infestation with Anisakis of chilled red scorpionfish (Scorpaena scrofa) from Morocco ","08-09-2020 16:26:35","Spain","border rejection notification","not serious","","","","","","",""
"2020.3592","other food product / mixed","food","Salmonella in mix of frozen precooked fish products","07-09-2020 12:20:54","Austria","alert notification","serious","","","","","","",""
"2020.3559","feed materials","feed","DDT / Ethoxyquin in marrokanischem Fischmehl /// DDT / Ethoxyquin in fishmeal from Morocco","03-09-2020 16:45:51","Germany","information notification for follow-up","undecided","","","","","","",""
"2020.3506","feed materials","feed","high content of enterobacteriaceae in fishmeal","01-09-2020 09:16:43","Spain","border rejection notification","no risk","","","","","","",""
"2020.3498","fish and products thereof ","food","mercury in chilled swordfish fillets from Mozambique","31-08-2020 16:08:40","Switzerland","information notification for attention","serious","","","","","","",""
"2020.3294","bivalve molluscs and products thereof","food","DIARRHETIC SHELLFISH POISON (DSP) - OKADAIC ACID IN LIVE MUSSELS (MYTILUS GALLOPROVINCIALIS) FROM ITALY  ","17-08-2020 10:16:50","Spain","information notification for attention","serious","","","","","","",""
"2020.3242","fish and products thereof ","food","poor temperature control of swordfish loins from Chile","12-08-2020 13:12:25","United Kingdom","border rejection notification","not serious","","","","","","",""
"2020.3214","fish and products thereof ","food","Mercury in frozen swordfish loins from Spain","10-08-2020 16:21:13","Italy","alert notification","serious","","","","","","",""
"2020.3097","feed materials","feed","Enterobacteriaceae in fishmeal (enterobacterias en harina de pescado)","30-07-2020 15:00:17","Spain","information notification for follow-up","not serious","","","","","","",""
"2020.3056","fish and products thereof ","food","Border rejection Temperature above 13 degrees in Fish (various species) from India","28-07-2020 15:16:10","United Kingdom","border rejection notification","undecided","","","","","","",""
"2020.3023","fish and products thereof ","food","Illegal import of smoked fish and meat products from Ghana","24-07-2020 11:21:41","United Kingdom","border rejection notification","not serious","","","","","","",""
"2020.2943","fish and products thereof ","food","MERCURY IN FROZEN SWORDFISH FILLETS (XIPHIAS GLADIUS) FROM SPAIN","17-07-2020 18:16:46","Spain","alert notification","serious","","","","","","",""
"2020.2908","cephalopods and products thereof","food","Cadmium in cuttlefish from Vietnam","16-07-2020 14:43:42","Germany","information notification for attention","serious","","","","","","",""
"2020.2868","feed materials","feed","Salmonella in fish meal from Latvia","14-07-2020 17:25:36","Lithuania","information notification for follow-up","not serious","","","","","","",""
"2020.2859","fish and products thereof ","food","Attempt to illegally import smoked fish from Nigeria","14-07-2020 14:55:45","United Kingdom","border rejection notification","serious","","","","","","",""
"2020.2521","fish and products thereof ","food","Clostridium botulinum in salted  dried fish from the Netherlands","19-06-2020 12:36:49","Cyprus","news","serious","","","","","","",""
"2020.2503","fish and products thereof ","food","Mercury in chilled swordfish loins from SPAIN","18-06-2020 08:11:01","France","information notification for attention","serious","","","","","","",""
"2020.2354","feed materials","feed","Salmonella spp in fish meal","09-06-2020 09:35:34","Spain","border rejection notification","not serious","","","","","","",""
"2020.2352","feed materials","feed","high content of enterobacteriaceae in fishmeal","08-06-2020 17:53:04","Spain","border rejection notification","not serious","","","","","","",""
"2020.2333","fish and products thereof ","food","mercury in swordfish","05-06-2020 16:05:01","Italy","alert notification","serious","","","","","","",""
"2020.2285","fish and products thereof ","food","Attemp to illegal import smoked fish from Nigeria","03-06-2020 16:00:56","United Kingdom","border rejection notification","not serious","","","","","","",""
"2020.2275","fish and products thereof ","food","Poor temperature control of swordfish and tuna loins from Seychelles","03-06-2020 10:22:01","United Kingdom","border rejection notification","not serious","","","","","","",""
"2020.2267","fish and products thereof ","food","Attempt to illegally import smoked fish and groundnuts from GH","02-06-2020 15:23:44","United Kingdom","border rejection notification","not serious","","","","","","",""
"2020.2255","fish and products thereof ","food","mercury in swordfish from Spain","01-06-2020 17:33:26","Italy","alert notification","serious","","","","","","",""
"2020.2169","fish and products thereof ","food","parasites in frozen fish from China - border rejection","26-05-2020 13:24:59","Poland","border rejection notification","not serious","","","","","","",""
"2020.2089","fish and products thereof ","food","Recall of Young's Seafood Breaded Fish Fillets because of undeclared milk","19-05-2020 16:46:30","United Kingdom","alert notification","serious","","","","","","",""
"2020.2087","fish and products thereof ","food","parasites in frozen fish from Chile - border rejection","19-05-2020 16:20:30","Poland","border rejection notification","serious","","","","","","",""
"2020.2086","feed additives","feed","Fluorine above legal limit in feed additive for fish feed","19-05-2020 15:15:26","Finland","information notification for follow-up","undecided","","","","","","",""
"2020.2075","fish and products thereof ","food","IRREGULAR IMPORT IDENTITY CONTROL OF FROZEN FISH FROM CHINA","18-05-2020 15:44:25","France","border rejection notification","not serious","","","","","","",""
"2020.2060","bivalve molluscs and products thereof","food","Diarrhoeic Shellfish Poisoning (DSP) toxins - okadaic acid in live mussels  from Italy","15-05-2020 16:52:52","Italy","alert notification","serious","","","","","","",""
"2020.2044","fish and products thereof ","food","UNAUTHORIZED SYNTHETIC COLOURING AGENT IN FROZEN FISH FROM GUYANA","15-05-2020 08:40:38","France","border rejection notification","serious","","","","","","",""
"2020.1982","feed materials","feed","Salmonella Livingstone in fish meal from the United States","12-05-2020 12:47:55","Greece","border rejection notification","not serious","","","","","","",""
"2020.1977","feed materials","feed","Salmonella Anatum in fish meal from the United States","12-05-2020 07:51:10","Greece","border rejection notification","not serious","","","","","","",""
"2020.1933","fish and products thereof ","food","Shrimp salad packed in salmon salad packaging - No mention of barley, celery and shellfish","08-05-2020 09:33:27","Belgium","alert notification","serious","","","","","","",""
"2020.1626","feed materials","feed","Salmonella in fishmeal from US","14-04-2020 10:30:42","Greece","border rejection notification","not serious","","","","","","",""
"2020.1461","feed materials","feed","Prohibited additive ethoxyquin in LIPOFISH 50","31-03-2020 11:56:26","Netherlands","information notification for follow-up","not serious","","","","","","",""
"2020.1429","feed materials","feed","S. Livingstone in fishmeal from US","27-03-2020 14:22:03","Greece","border rejection notification","not serious","","","","","","",""
"2020.1158","cephalopods and products thereof","food","cadmium in frozen whole cleaned cuttlefish from India","11-03-2020 14:35:33","Cyprus","border rejection notification","serious","","","","","","",""
"2020.1125","fish and products thereof ","food","parasitic infestation with Anisakis of chilled silver scabbardfish  (Lepidopus caudatus) from Morocco","09-03-2020 16:46:12","Spain","border rejection notification","not serious","","","","","","",""
"2020.1026","fish and products thereof ","food","attempt to illegally import smoked fish from Ghana","03-03-2020 17:17:23","United Kingdom","border rejection notification","not serious","","","","","","",""
"2020.1023","cephalopods and products thereof","food","CADMIUM IN FROZEN WHOLE CUTTLEFISH","03-03-2020 16:41:02","Cyprus","information notification for attention","serious","","","","","","",""
"2020.0845","fish and products thereof ","food","Too high levels of mercury in swordfish","19-02-2020 16:25:12","Germany","information notification for attention","serious","","","","","","",""
"2020.0786","fish and products thereof ","food","poor temperature control of the fish loaded from Seychelles","14-02-2020 17:31:22","Spain","border rejection notification","not serious","","","","","","",""
"2020.0785","fish and products thereof ","food","Cadmium in black scabbardfish (Aphanopus carbo)","14-02-2020 16:52:08","Switzerland","alert notification","serious","","","","","","",""
"2020.0652","fish and products thereof ","food","presence of Hg in fish","10-02-2020 14:45:40","Belgium","alert notification","serious","","","","","","",""
"2020.0619","nuts, nut products and seeds","food","illegal import of shelled groundnuts and smoked fish","07-02-2020 12:20:02","United Kingdom","border rejection notification","serious","","","","","","",""
"2020.0541","fish and products thereof ","food","poor temperature control of fish","04-02-2020 10:40:20","Spain","border rejection notification","undecided","","","","","","",""
"2020.0512","fish and products thereof ","food","Anisakis in cutlassfish from Morocco","03-02-2020 09:34:41","Spain","border rejection notification","undecided","","","","","","",""
"2020.0474","feed materials","feed","Salmonella Oranienburg in fish meal from  United States","30-01-2020 14:58:16","Greece","border rejection notification","not serious","","","","","","",""
"2020.0455","feed materials","feed","Salmonella Oranienburg in fishmeal from US","29-01-2020 15:29:26","Greece","border rejection notification","not serious","","","","","","",""
"2020.0428","feed materials","feed","Salmonella Oranienburg in fish meal from the United States","28-01-2020 16:32:59","Greece","border rejection notification","not serious","","","","","","",""
"2020.0400","feed materials","feed","Salmonella in fishmeal from US","27-01-2020 13:45:08","Greece","border rejection notification","not serious","","","","","","",""
"2020.0155","fish and products thereof ","food","S. Kentucky and S. Senftenberg in fish maws","10-01-2020 16:01:36","United Kingdom","information notification for attention","serious","","","","","","",""
"2020.0134","fish and products thereof ","food","Massive presence of Anisakis in chilled fish from Morocco","09-01-2020 16:26:53","Spain","border rejection notification","undecided","","","","","","",""
"2020.0132","nuts, nut products and seeds","food","attempt to illegally import of grounded Crayfish from Nigeria","09-01-2020 16:20:43","United Kingdom","border rejection notification","serious","","","","","","",""
"2020.0041","fish and products thereof ","food","Poor temperature control in Frozen Yellowtail Kingfish Seriola lalandi loin fillet from Australia","06-01-2020 09:18:49","United Kingdom","border rejection notification","not serious","","","","","","",""
"2020.0038","feed materials","feed","Salmonella Ohio in Fish meal","03-01-2020 16:46:12","Belgium","information notification for follow-up","not serious","","","","","","",""